Citation	Subject	Subject Label	Predicate	Object	Object Label	Qualifier	Qualifier Label	Subject Qualifier	Subject Extension	Object Extension	Count
34661664	randomized clinical trial		treats	motor and phonic tics		mondo:0007661	tourette syndrome	with deutetrabenazine	deutetrabenazine		2
34609495	randomized clinical trial		treats	motor and phonic tics		mondo:0007661	tourette syndrome	with deutetrabenazine	deutetrabenazine		2
34077591	fiberoptic endoscopic evaluation of swallowing (fees)		treats	dysphagia		huntington disease					1
34077591	high-resolution anatomical magnetic resonance imaging		treats	dysphagia		huntington disease		high-resolution	mri scan		1
34077591	voxel-based morphometry		treats	hp:0002015	dysphagia	mondo:0007739	huntington's disease		voxel-based morphometry		1
35618981	maxo:0000647	chemotherapy	treats	hp:0100543	cognitive impairment	mondo:0005071	neurological disorders		chemotherapy		1
35618981	combination anti-retro viral therapy (with nanodiamonds)		treats	hp:0100543	cognitive impairment	mondo:0005071	neurological disorders		anti-retro viral therapy		1
35618981	use of anti-alzheimer drugs		treats	hp:0100543	cognitive impairment	mondo:0005071	neurological disorders		anti-alzheimer drugs		1
35618981	brain targeted drug delivery		prevents	cns toxicity		mondo:0005071	neurological disorders	using	nanodiamonds		1
34697770	enhanced delivery		treats	hp:0002180	neurodegeneration				natural products		1
34697770	use of nanoformulations		treats	neurodegenerative diseases					quercetin, curcumin, resveratrol, chrysin, piperine, ferulic acid, huperzine a, berberine, baicalein, hesperetin, retinoic acid		1
34697770	use of microneedles (mn)		treats	neurodegenerative diseases				with quercetin, curcumin, resveratrol, chrysin, piperine, ferulic acid, huperzine a, berberine, baicalein, hesperetin, retinoic acid	quercetin, curcumin, resveratrol, chrysin, piperine, ferulic acid, huperzine a, berberine, baicalein, hesperetin, retinoic acid		1
34697770	preventing generation of reactive oxygen species		treats	neurodegenerative diseases					chebi:26523		1
34697770	eliminating destructed biomolecules		treats	hp:0002180	neurodegeneration						1
32794251	use of metallic stain		prevents	misinformation		mondo:0007739	huntington disease (hd)	containing potassium dichromate	chebi:53444		1
32794251	visualization using micro-ct		prevents	misinformation		mondo:0007739	huntington disease (hd)				1
34531262	small-animal pet imaging		treats	synaptic dysfunction		mondo:0007739	huntington disease (hd)	with 11c-ucb-j	11c-ucb-j		1
34531262	autoradiography		treats	synaptic dysfunction		mondo:0007739	huntington disease (hd)	with 3h-ucb-j	3h-ucb-j		1
34531262	sv2a immunofluorescence		treats	synaptic dysfunction		mondo:0007739	huntington disease (hd)		sv2a immunofluorescence		1
32250312	uniqure amt-130		treats	symptoms		mondo:0007739	huntington disease (hd)		amt-130		1
32250312	neurocrine biosciences kinect-hd trials		treats	symptoms		huntington's disease			neurocrine biosciences kinect-hd trials		1
35698434	physical activity (pa)		treats	reduced walking endurance		mondo:0007739	huntington disease (hd)				1
35698434	physical activity		treats	decreased lower limb functionality strength		mondo:0007739	huntington disease (hd)				1
35698434	physical activity (pa)		treats	cognitive function decline		mondo:0007739	huntington disease (hd)				1
35698434	maxo:0000065	aerobic exercises	treats	reduced walking endurance		mondo:0007739	huntington disease (hd)				1
35698434	maxo:0000065	aerobic exercises	treats	decreased lower limb functionality strength		mondo:0007739	huntington disease (hd)		aerobic exercises		1
35698434	aerobic exercises		treats	cognitive function decline		huntington's disease					1
34291654	palliative care consultation		prevents	hp:0000709	psychosis	mondo:0007739	huntington's disease				1
34291654	palliative care consultation		prevents	hp:0000716	depression	mondo:0007739	huntington's disease				1
34291654	palliative care consultation		prevents	hp:0011951	aspiration pneumonia	mondo:0007739	huntington's disease				1
34291654	hospice services		prevents	hp:0000709	psychosis	mondo:0007739	huntington's disease				1
34291654	hospice services		prevents	hp:0000716	depression	mondo:0007739	huntington's disease				1
34291654	hospice services		prevents	aspiration pneumonia		huntington's disease		na	na	na	1
38263475	diagnosis, prognosis, and follow-up		treats	reduction in the macular ganglion cell inner plexiform layer (gcipl) thickness		neurodegenerative diseases of the central nervous system		use of	oct biomarkers		1
38263475	use of oct biomarkers for diagnosis, prognosis, and follow-up		treats	reduction in the peripapillary retinal nerve fiber layer (prnfl) thickness		neurodegenerative diseases of the central nervous system			oct biomarkers		1
38263475	exclusion of retinal pathologies by an ophthalmologist		treats	retinal pathologies		neurodegenerative diseases of the central nervous system					1
38263475	use of oct-angiography as a biomarker		treats	neurodegenerative diseases of the central nervous system-specific abnormalities					oct-angiography		1
33856270	administration		treats	behavioral alterations		mondo:0007739	huntington's disease		chebi:50202		1
33856270	administration		treats	neurobehavioral, biochemical and histopathological alterations		mondo:0007739	huntington's disease		chebi:50202		1
33856270	administration		treats	neuronal cell death		mondo:0007739	huntington's disease		chebi:50202		1
33856270	monitoring		treats	neurobehavioral alterations		mondo:0007739	huntington's disease		monoamine oxidase (mao) activity		1
33856270	monitoring		treats	neurobehavioral alterations		mondo:0007739	huntington's disease		chebi:28790		1
33856270	immunostaining		treats	neuronal cell death		huntington's disease			glial fibrillary acidic protein (gfap)		1
35695745	maxo:0000760	vitamin b12 supplementation	treats	left-sided hemichoreatic movements		mondo:0020696	vitamin b12 deficiency		chebi:176843		1
35695745	18 f-fdg pet/ct		treats	hemichoreatic movements		mondo:0020696	vitamin b12 deficiency	by diagnostic means	18 f-fdg pet/ct	left-sided	1
35695745	maxo:0000427	mri of the brain	treats	left-sided hemichoreatic movements		mondo:0020696	vitamin b12 deficiency	by diagnostic means			1
33871905	developing interventions		treats	motor impairment		mondo:0007739	huntington's disease				1
33567536	triplet-primed pcr assay		treats	inaccuracies		huntington disease			triplet-primed pcr assay		1
33567536	genotyping		treats	inaccuracies		mondo:0007739	huntington's disease				1
33567536	detecting		prevents	false-negative diagnoses		mondo:0007739	huntington's disease		cag expansions		1
37306313	mri analysis of hippocampal subfields		prevents	hp:0002354	memory impairment	mondo:0007739	huntington's disease				1
37306313	processing		prevents	memory impairment		huntington disease			freesurfer 7.0		1
37306313	mixed-model analyses		prevents	hp:0002354	memory impairment	mondo:0007739	huntington's disease		mixed-model analyses		1
37306313	measurement		prevents	hp:0002354	memory impairment	mondo:0007739	huntington's disease		cag repeat length and disease burden score		1
32720531	modulation of gene expression		treats	hp:0002180	neurodegeneration	mondo:0007739	huntington's disease		gene therapy		1
32720531	modulation of immune activation		treats	hp:0002180	neurodegeneration	mondo:0007739	huntington's disease		immunotherapy		1
32720531	rna and dna-based gene therapies		treats	hp:0002180	neurodegeneration	mondo:0007739	huntington's disease	for the reduction of mutant huntingtin	rna and dna-based gene therapies		1
32720531	immuno/antibody-based therapies		treats	hp:0002180	neurodegeneration	mondo:0007739	huntington's disease		immuno/antibody-based therapies		1
32235053	employing phasor flim method		treats	decrease in the fraction of bound nadh		mondo:0007739	huntington disease (hd)		phasor flim method		1
32235053	measuring nadh fluorescence lifetime change		treats	decrease in the fraction of bound nadh		mondo:0007739	huntington disease (hd)				1
32370961	mri		treats	rapidly progressive dementia		movement disorders and neurodegenerative diseases			mri		1
32370961	mri		treats	chorea		movement disorders and neurodegenerative diseases			mri		1
32370961	mri		treats	parkinsonian syndromes		movement disorders and neurodegenerative diseases					1
32370961	mri		treats	neurodegeneration with brain iron accumulation		movement disorders and neurodegenerative diseases					1
32370961	mri		treats	motor neuron disease		movement disorders and neurodegenerative diseases			mri		1
32370961	imaging		treats	rapidly progressive dementia		movement disorders and neurodegenerative diseases					1
32370961	imaging		treats	hp:0002072	chorea	movement disorders and neurodegenerative diseases					1
32370961	imaging		treats	parkinsonian syndromes		movement disorders and neurodegenerative diseases					1
32370961	imaging		treats	neurodegeneration with brain iron accumulation		movement disorders and neurodegenerative diseases					1
32370961	imaging		treats	hp:0006802	motor neuron disease	movement disorders and neurodegenerative diseases					1
32370961	laboratory and genetic tests		treats	rapidly progressive dementia		movement disorders and neurodegenerative diseases					1
32370961	laboratory and genetic tests		treats	hp:0002072	chorea	movement disorders and neurodegenerative diseases					1
32370961	laboratory and genetic tests		treats	parkinsonian syndromes		movement disorders and neurodegenerative diseases					1
32370961	laboratory and genetic tests		treats	neurodegeneration with brain iron accumulation		movement disorders and neurodegenerative diseases					1
32370961	laboratory and genetic tests		treats	hp:0006802	motor neuron disease	movement disorders and neurodegenerative diseases			laboratory and genetic tests		1
35771295	spectral-domain optical coherence tomography		treats	reduction in macular thickness		huntington's disease			spectral-domain optical coherence tomography		1
35771295	spectral-domain optical coherence tomography (sd-oct)		treats	decreased thickness		huntington's disease			spectral-domain optical coherence tomography	inferior peripapillary retinal nerve fiber layer	1
34661664	deutetrabenazine		treats	motor and phonic tics		mondo:0007661	tourette syndrome		deutetrabenazine		1
34661664	fixed-dose study		treats	motor and phonic tics		mondo:0007661	tourette syndrome	with deutetrabenazine	deutetrabenazine		1
37562878	neuroimaging		treats	diagnosis		motor system disorders					1
37562878	computed tomography		treats	diagnosis		motor system disorders			computed tomography		1
37562878	magnetic resonance imaging		treats	diagnosis		motor system disorders					1
37562878	diffusion tensor imaging		treats	diagnosis		motor system disorders					1
37562878	volumetric studies		treats	diagnosis		motor system disorders					1
33454006	image analysis		quantifies	accumulation of proteins		amyotrophic lateral sclerosis			aggrecount	misfolded or faulty	1
33454006	image analysis		quantifies	insoluble protein aggregates		huntington's disease		aggrecount	insoluble protein aggregates		1
33454006	image analysis		quantifies	protein aggregates		mondo:0004975	alzheimer's disease	aggrecount	insoluble protein aggregates		1
33454006	image analysis		quantifies	aggresomes		mondo:0007739	huntington's disease		aggrecount		1
33454006	image analysis		quantifies	stress granules		mondo:0007739	huntington's disease		aggrecount		1
33454006	image analysis		quantifies	inclusion bodies		huntington's disease			aggrecount		1
33636389	neurological examination		treats	clinical progression		mondo:0020380	spinocerebellar ataxia				1
33636389	brain 3 t mri		treats	hp:0001272	cerebellar atrophy	mondo:0020380	spinocerebellar ataxia				1
33636389	plasma nfl measurements		treats	hp:0001272	cerebellar atrophy	mondo:0020380	spinocerebellar ataxia	with neurofilament light chain	neurofilament light chain		1
33636389	plasma nfl measurements		treats	clinical progression		mondo:0020380	spinocerebellar ataxia	with neurofilament light chain	neurofilament light chain		1
32627533	development		treats	protein aggregation		mondo:0005559	neurodegenerative diseases		molecular sensors for amyloidogenic proteins		1
32627533	imaging protein aggregation in vitro		treats	protein aggregation		mondo:0005559	neurodegenerative diseases		imaging protein aggregation in vitro		1
32627533	imaging protein aggregation in vivo		treats	protein aggregation		mondo:0005559	neurodegenerative diseases				1
32627533	design and development		treats	protein aggregation		mondo:0005559	neurodegenerative diseases		multimodal sensors		1
38092268	immunotherapy		prevents	reduced body weight		mondo:0007739	huntington disease (hd)		monoclonal antibody c6-17		1
38092268	immunotherapy		prevents	motor behaviors		mondo:0007739	huntington disease (hd)	with	monoclonal antibody c6-17		1
38092268	immunotherapy		prevents	motor deficits		mondo:0007739	huntington disease (hd)	with monoclonal antibody c6-17	monoclonal antibody c6-17		1
38092268	immunotherapy		treats	striatal em48 immunoreactivity		mondo:0007739	huntington disease (hd)		monoclonal antibody c6-17		1
34239038	cryo-electron tomography		treats	understanding of mhtt inclusions		mondo:0007739	huntington disease (hd)		cryo-electron tomography		1
34239038	subtomogram averaging		treats	understanding of mhtt inclusions		mondo:0007739	huntington disease (hd)				1
32499373	facs-array-based cell purification		prevents	transcriptional dysregulation		huntington disease			facs-array-based cell purification		1
32499373	gene microarrays		prevents	striatal medium spiny neuron degeneration		huntington disease			gene microarrays		1
36098670	administration of escalating deutetrabenazine doses		treats	hp:0002072	chorea	mondo:0007739	huntington disease (hd)	escalating	deutetrabenazine		1
36098670	administration of escalating deutetrabenazine doses		treats	hp:0040141	tardive dyskinesia	mondo:0010096	tardive dyskinesia	escalating	deutetrabenazine		1
35618525	in vitro fertilization		prevents	huntington disease-affected offspring		mondo:0007739	huntington disease (hd)	with preimplantation genetic testing	preimplantation genetic testing		1
35618525	prenatal diagnosis		treats	n/a		mondo:0007739	huntington disease (hd)				1
37652706	continuous video electroencephalography		treats	epileptic myoclonic jerks		pediatric-onset huntington's disease					1
34663644	pet imaging		treats	reduced synaptic activity		mondo:0007739	huntington disease (hd)	with	11c-ucb-j		1
34663644	pet imaging		treats	reduced 18f-fdg uptake		mondo:0007739	huntington disease (hd)		18f-fluorodeoxyglucose		1
34663644	clinical assessment of motor and nonmotor manifestations		treats	motor impairment		mondo:0007739	huntington disease (hd)				1
34663644	correlation analysis between clinical scores and pet data		treats	loss of sv2a binding		mondo:0007739	huntington disease (hd)		pet data		1
36706436	maxo:0000022	hospice care	treats	none		mondo:0007739	huntington disease (hd)				1
37751638	statistical shape analysis		treats	striatal morphology changes		mondo:0007739	huntington disease (hd)				1
37751638	spharm-pdm		treats	striatal morphology changes		mondo:0007739	huntington disease (hd)		spherical harmonic point distribution method (spharm-pdm)		1
37751638	longitudinal mri scans		treats	striatal morphology changes		mondo:0007739	huntington disease (hd)				1
37751638	linear mixed models		treats	striatal morphology changes		mondo:0007739	huntington disease (hd)				1
36513779	cognition-oriented treatments		treats	hp:0100543	cognitive dysfunction	mondo:0007739	huntington disease (hd)				1
36513779	physical exercise		treats	hp:0100543	cognitive dysfunction	mondo:0007739	huntington disease (hd)				1
36513779	cognitive training		treats	hp:0100543	cognitive dysfunction	mondo:0007739	huntington disease (hd)	(as part of cognition-oriented treatments)			1
36513779	cognitive rehabilitation (combined with physical exercise)		treats	hp:0100543	cognitive dysfunction	mondo:0007739	huntington disease (hd)		cognitive rehabilitation	physical exercise	1
36513779	cognitive stimulation (combined with physical exercise)		treats	hp:0100543	cognitive dysfunction	mondo:0007739	huntington disease (hd)				1
34120903	detection of mild cognitive impairment		treats	impaired emotion recognition		mondo:0001627	dementias				1
33974252	maxo:0000127	genetic testing	treats	huntington disease							1
33974252	prenatal diagnosis		prevents	birth of affected children		mondo:0007739	huntington disease (hd)				1
33974252	pcr (with cag repeats)		treats	huntington disease							1
33974252	capillary gel electrophoresis		treats	huntington disease				with cag repeats			1
33974252	pre-symptomatic testing		prevents	huntington disease							1
37591545	pet imaging		assesses	cerebral mhtt aggregates		mondo:0007739	huntington disease (hd)	with 11c-chdi-180r	11c-chdi-180r		1
37591545	mri-guided intrastriatal delivery		prevents or treats	protein accumulation		mondo:0007739	huntington disease (hd)			mutant huntingtin	1
37591545	immunostaining		confirms	cerebral mhtt aggregates		mondo:0007739	huntington disease (hd)				1
32743645	bolus infusion		prevents	recovery of n-acetylaspartate (naa)		mondo:0007739	huntington disease (hd)		chebi:16675		1
32743645	magnetic resonance spectroscopy		treats	monitoring of decrease in n-acetylaspartate		mondo:0007739	huntington disease (hd)				1
32743645	diffusion tensor imaging (dti)		treats	hp:0010619	decrease in fractional anisotropy (fa)	mondo:0007739	huntington disease (hd)				1
32590293	restoration of the oxytocin-vasopressin interplay		treats	hp:0000716	depression	mondo:0007739	huntington disease (hd)	acute dose of intranasal	chebi:7872		1
32590293	behavioral testing		assesses	altered social cognition		mondo:0007739	huntington disease (hd)				1
32590293	behavioral testing		assesses	hp:0000716	depression	mondo:0007739	huntington disease (hd)				1
32590293	behavioral testing		assesses	hp:0000739	anxiety	mondo:0007739	huntington disease (hd)				1
32700226	octa		treats	thinner central choroidal thickness (cct)		mondo:0007739	huntington disease (hd)				1
32700226	treats		treats	thinner central choroidal thickness (cct)		mondo:0007739	huntington disease (hd)		edi sd-oct		1
36409538	continuous and objective monitoring and assessment of motor function outcomes		treats	impaired motor functions		mobility impairment and neurological conditions		not applicable	not applicable	not applicable	1
36409538	clinical validation		treats	impaired motor functions		mobility impairment and neurological conditions			sensor-derived motion data		1
33571915	comparison of resting heart rate		treats	elevated resting heart rate		mondo:0007739	huntington disease (hd)				1
33571915	comparison of core body temperature		treats	elevated core body temperature		mondo:0007739	huntington disease (hd)				1
33571915	comparison of systolic blood pressure		treats	hp:0004421	elevated systolic blood pressure	mondo:0007739	huntington disease (hd)				1
32775019	maxo:0000127	genetic testing	prevents	huntington disease phenocopies		mondo:0007739	huntington disease (hd)		c9orf72 expansions	huntington-disease like phenotypes	1
32775019	screening for the c9orf72 expansion		prevents	huntington-disease like phenotypes		huntington disease phenocopies					1
33377823	maxo:0000079	genetic counseling	prevents	cognitive problems		mondo:0007739	huntington disease (hd)				1
33377823	maxo:0000079	genetic counseling	prevents	hp:0000708	behavioral problems	mondo:0007739	huntington disease (hd)				1
33377823	maxo:0000079	genetic counseling	prevents	movement problems		mondo:0007739	huntington disease (hd)				1
34543681	subcutaneous injections		treats	motor coordination decline		mondo:0007739	huntington disease (hd)		mncl[2] tetrahydrate		1
34543681	subcutaneous injections		prevents	decrease in striatal neun positive cell density		mondo:0007739	huntington disease (hd)		mncl[2] tetrahydrate		1
36429634	home-based exercises		treats	impaired motor functions		mondo:0007739	huntington disease (hd)				1
36429634	home-based exercises		treats	reduced quality of life		huntington's disease					1
33556538	ampa receptor subunit clustering		treats	hyperexcitability		mondo:0007739	huntington disease (hd)		ampa receptor subunit clustering		1
37202171	mri		treats	progressive language impairment		mondo:0007739	huntington disease (hd)				1
37202171	fdg pet/ct		treats	hp:0002072	chorea	mondo:0007739	huntington disease (hd)				1
37202171	huntingtin gene testing		treats	behavioural changes		huntington disease			huntingtin gene testing		1
33246883	cell replacement therapy		treats	str degeneration		mondo:0007739	huntington disease (hd)				1
33246883	differentiation toward an str phenotype		treats	str degeneration		mondo:0007739	huntington disease (hd)				1
33246883	maxo:0000068	transplantation	treats	str degeneration		mondo:0007739	huntington disease (hd)	into an hd model			1
33749915	maxo:0000016	cell therapy	treats	huntington's disease							1
32674730	gene therapy		treats	neuroinflammation		neurological disorders			gene therapy		1
32674730	maxo:0001001	gene therapy	treats	hp:0002180	neurodegeneration	mondo:0005071	neurological disorders		gene therapy		1
32674730	gene therapy		treats	cognitive dysfunction		neurological disorders			gene therapy		1
32674730	delivery of targeted gene		treats	genes alterations		mondo:0005071	neurological disorders	using vectors	vectors		1
38272260	euthanasia		treats	diminished decision-making capacity		euthanasia and assisted suicide in neurological diseases					1
38272260	assisted suicide		treats	diminished decision-making capacity		euthanasia and assisted suicide in neurological diseases					1
35396899	ultra-strong-gradient magnetic resonance imaging (mri)		assesses	lower magnetization transfer ratio (mtr)		mondo:0007739	huntington disease (hd)		ultra-strong-gradient magnetic resonance imaging (mri)		1
35396899	tractometry		assesses	lower magnetization transfer ratio (mtr)		mondo:0007739	huntington disease (hd)				1
35396899	tract-based cluster analysis (tbca)		assesses	lower magnetization transfer ratio (mtr)		mondo:0007739	huntington disease (hd)				1
35396899	ultra-strong-gradient magnetic resonance imaging (mri)		assesses	higher magnetization transfer ratio (mtr)		mondo:0007739	huntington disease (hd)				1
35396899	tractometry		assesses	magnetization transfer ratio (mtr)		huntington disease			tractometry	higher	1
35396899	tract-based cluster analysis (tbca)		assesses	higher magnetization transfer ratio (mtr)		mondo:0007739	huntington disease (hd)				1
35396899	ultra-strong-gradient magnetic resonance imaging (mri)		assesses	higher restricted diffusion signal fraction (fr)		mondo:0007739	huntington disease (hd)				1
36270767	presymptomatic testing		prevents	neurogenetic diseases							1
36270767	medically assisted reproduction		prevents	neurogenetic diseases							1
36270767	prenatal diagnosis		treats	neurogenetic diseases							1
36270767	preimplantation diagnosis		treats	neurogenetic diseases							1
36270767	termination of pregnancy		treats	neurogenetic diseases							1
36270767	gamete donation		treats	neurogenetic diseases							1
36270767	pregnancy abstention		prevents	neurogenetic diseases							1
36881978	comparative transcriptome analysis		treats	hp:0012207	reduced sperm motility	sperm motility issues					1
36881978	rna-seq		treats	reduced sperm motility		sperm motility issues			rna-seq		1
35234162	intensive in-hospital rehabilitation		treats	catabolic state		mondo:0007739	huntington disease (hd)				1
35234162	intensive in-hospital rehabilitation		treats	progressive body weight loss		mondo:0007739	huntington disease (hd)				1
35234162	intensive in-hospital rehabilitation		prevents	risk of malnutrition		mondo:0007739	huntington disease (hd)				1
35234162	assessment of disease severity (barthel index, total functional capacity scale, physical performance test)		treats	low body mass index (bmi)		mondo:0007739	huntington disease (hd)				1
35234162	monitoring of bmi		treats	low body mass index (bmi)		mondo:0007739	huntington disease (hd)		monitoring of bmi		1
33538666	use		treats	hp:0025464	oxidative stress	mondo:0005071	neurological disorders		withania somnifera		1
33538666	use		treats	inflammation		mondo:0005071	neurological disorders		withania somnifera		1
33538666	use		treats	hp:0003287	mitochondrial dysfunction	mondo:0005071	neurological disorders		withania somnifera	mitochondrial dysfunction	1
33538666	use		treats	irregular neuronal protein aggregation		mondo:0005071	neurological disorders		withania somnifera		1
33538666	use of withania somnifera		treats	parkinson's disease		mondo:0005071	neurological disorders		withania somnifera		1
33538666	use of withania somnifera		treats	hp:0002511	alzheimer's disease	mondo:0005071	neurological disorders		withania somnifera		1
33538666	use		treats	huntington disease		mondo:0005071	neurological disorders		withania somnifera		1
33538666	use of withania somnifera		treats	hp:0040141	tardive dyskinesia	mondo:0005071	neurological disorders		withania somnifera		1
33538666	use of withania somnifera		treats	hp:0001297	stroke	mondo:0005071	neurological disorders		withania somnifera		1
33538666	use of withania somnifera		treats	hp:0000739	anxiety	mondo:0005071	neurological disorders		withania somnifera		1
33044180	treats		treats	decrease in energy metabolism		mondo:0004975	alzheimer's disease		mitochondrial dysfunction		1
33795375	maxo:0000137	pet scan	treats	increased microglial activation		mondo:0007739	huntington disease (hd)	with [11c]-er176	[11c]-er176		1
33795375	mri for anatomic localization		treats	reduced volumes in globi pallidi and putamina		mondo:0007739	huntington disease (hd)				1
33918672	partial nej/dcbp depletion		treats	progressive and fatal autosomal dominant neurodegenerative disease		mondo:0007739	huntington disease (hd)				1
33918672	partial nej/dcbp depletion		treats	cag repeat expansion in the first exon of the huntingtin gene		mondo:0007739	huntington disease (hd)	partial	nej/dcbp depletion	cag repeat expansion	1
33918672	increased lifespan		treats	progressive and fatal autosomal dominant neurodegenerative disease		mondo:0007739	huntington disease (hd)				1
33918672	restored locomotor activity		treats	progressive and fatal autosomal dominant neurodegenerative disease		mondo:0007739	huntington disease (hd)				1
38394831	development		treats	pediatric neurological disorders					gene editing technologies		1
38394831	development		treats	pediatric neurological disorders					mutation-specific treatments		1
38394831	correcting		treats	pediatric neurological disorders					dysfunctional mutations		1
38394831	altering gene expression therapeutically		treats	pediatric neurological disorders							1
38394831	personalization		treats	pediatric neurological disorders					crispr-based gene therapy platforms		1
38394831	editing efficiency optimization		prevents	unintended off-target effects		pediatric neurological disorders					1
38394831	minimization of unintended off-target effects		prevents	unintended off-target effects		pediatric neurological disorders					1
38394831	mitigation of pathologic immune responses		prevents	pathologic immune responses		pediatric neurological disorders					1
34330748	activation		prevents	progressive motor impairments		mondo:0007739	huntington disease (hd)		metabotropic glutamate receptors 2 and 3		1
34330748	treatment		treats	limb coordination problems		mondo:0007739	huntington disease (hd)	with ly379268	chebi:192545		1
34330748	treatment		treats	locomotor function issues		mondo:0007739	huntington disease (hd)	with ly379268	chebi:192545		1
34330748	treatment		treats	formation		mondo:0007739	huntington disease (hd)	with ly379268	chebi:192545	mutant huntingtin aggregate	1
34330748	treatment		treats	neuronal cell death		mondo:0007739	huntington disease (hd)	with ly379268	chebi:192545		1
34330748	treatment		treats	microglial activation		mondo:0007739	huntington disease (hd)	with ly379268	chebi:192545		1
34330748	activation of glycogen synthase kinase 3beta-dependent autophagy pathway		treats	mutant huntingtin aggregate formation		mondo:0007739	huntington disease (hd)	with ly379268	chebi:192545		1
34330748	reduction of akt and erk1/2 phosphorylation		treats	progressive motor impairments		mondo:0007739	huntington disease (hd)	with ly379268	chebi:192545		1
34330748	increase of akt and erk1/2 phosphorylation		treats	progressive motor impairments		mondo:0007739	huntington disease (hd)	with ly379268	chebi:192545		1
32796930	htt-lowering antisense oligonucleotide therapy		treats	hp:0002180	neurodegeneration	mondo:0007739	huntington disease (hd)		htt-lowering antisense oligonucleotide therapy		1
32796930	modulation of dna repair		prevents	somatic cag repeat expansion		huntington disease		not applicable	not applicable	not applicable	1
32796930	targeting		prevents	neurodegenerative disease		huntington disease			dna mutation		1
33130907	eye-movement tracking		treats	abnormal visual scanning		mondo:0007739	huntington disease (hd)				1
33130907	"""reading the mind in the eyes"" test"		treats	impaired mental state recognition		mondo:0007739	huntington disease (hd)				1
37379724	genetic screening		treats	huntington disease phenocopies		huntington disease phenocopies					1
37379724	targeted genetic analysis		treats	huntington disease phenocopies		huntington disease phenocopies		targeted	genetic analysis		1
33658662	generation of human induced pluripotent stem cells (hipscs)		enables	research		mondo:0005559	neurodegenerative diseases				1
33658662	biological and multi-omics studies		support	research		mondo:0005559	neurodegenerative diseases				1
33658662	large-scale screening of chemical libraries		supports	drug discovery		mondo:0005559	neurodegenerative diseases				1
33658662	addressing scalability, reproducibility, and quality of hipsc modelling		improves	predictive modelling		neurodegenerative diseases			hipsc modelling		1
33658662	correlation and integration of in vitro experimental data with longitudinal clinical data		enables	precision medicine		mondo:0005559	neurodegenerative diseases				1
35626701	intravenous administration		treats	motor disturbances		mondo:0007739	huntington disease (hd)		human immature dental pulp stem cells (hidpsc)		1
35626701	intravenous administration of hidpsc		treats	neuropsychiatric disturbances		mondo:0007739	huntington disease (hd)		human immature dental pulp stem cells		1
35626701	intravenous administration		treats	hp:0100543	cognitive dysfunction	mondo:0007739	huntington disease (hd)		human immature dental pulp stem cells (hidpsc)		1
35626701	immunohistochemistry		treats	neuron loss		mondo:0007739	huntington disease (hd)	with bdnf	bdnf		1
35626701	immunohistochemistry		treats	neuron loss		mondo:0007739	huntington disease (hd)	with darpp32	darpp32		1
35626701	immunohistochemistry		treats	neuron loss		mondo:0007739	huntington disease (hd)	with d2r	d2r		1
36242718	administration of deutetrabenazine		treats	hp:0002072	chorea	mondo:0007739	huntington disease (hd)		deutetrabenazine		1
36242718	dose adjustment		treats	adverse events (somnolence, depression, anxiety, insomnia, akathisia, suicidality, parkinsonism)		mondo:0007739	huntington disease (hd)				1
36242718	monitoring for adverse events		prevents	worsening of symptoms		mondo:0007739	huntington disease (hd)				1
36242718	withdrawal of deutetrabenazine		prevents	hp:0002072	chorea	mondo:0007739	huntington disease (hd)		deutetrabenazine		1
36854393	maxo:0000127	genetic testing	treats	hp:0100022	movement disorders	mondo:0005180	parkinson's disease				1
36854393	maxo:0000127	genetic testing	treats	hp:0100022	movement disorders	mondo:0007739	huntington disease (hd)				1
36854393	interpreting genetic test reports		treats	movement disorders		parkinson's disease			genetic test reports		1
36854393	interpreting genetic test reports		treats	movement disorders		huntington disease			genetic test reports		1
34609495	dose-titration study		treats	motor and phonic tics		mondo:0007661	tourette syndrome	with deutetrabenazine	deutetrabenazine		1
34609495	placebo-controlled		treats	motor and phonic tics		mondo:0007661	tourette syndrome	with deutetrabenazine	deutetrabenazine		1
34609495	double-masked		treats	motor and phonic tics		mondo:0007661	tourette syndrome	with deutetrabenazine	deutetrabenazine		1
34609495	safety assessment		prevents	adverse effects		mondo:0007661	tourette syndrome				1
35767944	evaluation of motor functions		treats	elevated sympathetic tonic activity		mondo:0007739	huntington disease (hd)				1
35767944	total functional capacity assessment		treats	elevated sympathetic tonic activity		mondo:0007739	huntington disease (hd)				1
35767944	continuous arterial blood pressure monitoring		treats	elevated sympathetic tonic activity		mondo:0007739	huntington disease (hd)				1
35767944	heart rate monitoring		treats	higher heart rate		mondo:0007739	huntington disease (hd)				1
35767944	maxo:0000900	ecg	treats	higher heart rate		mondo:0007739	huntington disease (hd)				1
35767944	hr variability analysis		treats	decreased phasic sympathetic activity		mondo:0007739	huntington disease (hd)				1
35767944	hr variability analysis		treats	drop in phasic parasympathetic activity		mondo:0007739	huntington disease (hd)				1
33926896	pet imaging		treats	diagnosis		dementia			pet imaging		1
33926896	mri imaging		treats	diagnosis		mondo:0001627	dementias				1
33757575	overexpression		treats	intracellular aggregates		mondo:0005559	neurodegenerative diseases		sgta		1
34583142	recording measures of postural sway and time to complete motor tasks		treats	increase in standing postural sway		mondo:0007739	huntington disease (hd)		apdm opal sensors		1
34583142	walking (timed up & go (tug), 7 m walk)		treats	decrease in gait performance		mondo:0007739	huntington disease (hd)				1
34583142	standing (feet together, feet apart, foam surface)		treats	increase in standing postural sway		mondo:0007739	huntington disease (hd)				1
34583142	seated cognitive performance (stroop, symbol digit modalities test (sdmt), delis-kaplan executive function system (dkefs) sorting test)		treats	impairments in performing dual-tasks		huntington's disease					1
34583142	dual cognitive-motor tasks while standing (+ stroop) and walking (+ dkefs, tug cognitive)		treats	greater dual-task motor cost		huntington's disease					1
34448021	volumetric analyses of mri		treats	smaller fornix volume		mondo:0007739	huntington disease (hd)				1
34448021	rna-sequencing		treats	downregulation of oligodendrocyte identity markers		mondo:0007739	huntington disease (hd)		rna-sequencing		1
34448021	analysis		treats	enrichment for binding sites		mondo:0007739	huntington disease (hd)		differentially expressed genes	suz12 and ezh2	1
33745925	maxo:0000088	diet	treats	motor failure		mondo:0007739	huntington disease (hd)		elderberry		1
33745925	maxo:0000088	diet	treats	muscle incoordination		mondo:0007739	huntington disease (hd)		elderberry		1
33745925	maxo:0000088	diet	prevents	oxidative stress-induced cell death		mondo:0007739	huntington disease (hd)		elderberry		1
33745925	elderberry diet (with ros)		treats	oxidative stress-induced cell death		mondo:0007739	huntington disease (hd)		elderberry diet	ros	1
33745925	elderberry diet		treats	oxidative stress-induced cell death		mondo:0007739	huntington disease (hd)	with gsh	chebi:16856		1
32302684	spearman rank correlation analysis		in	kidney transplant rejection							1
32302684	gene functional enrichment analysis		in	kidney transplant rejection							1
33106388	mri scans		treats	disease severity		mondo:0007739	huntington disease (hd)				1
33106388	fractional logistic regression analysis		treats	percent volume of dilated pvs		huntington disease			fractional logistic regression analysis		1
37855949	electroretinography		treats	early detection		mondo:0005559	neurodegenerative diseases				1
37855949	maxo:0000969	optical coherence tomography (oct)	treats	early detection		neurodegenerative disease					1
37855949	confocal scanning laser ophthalmoscopy		treats	early detection		mondo:0005559	neurodegenerative diseases				1
37855949	fluorescence lifetime imaging ophthalmoscopy		treats	early detection		neurodegenerative disease			fluorescence lifetime imaging ophthalmoscopy		1
37855949	oct angiography		treats	early detection		mondo:0005559	neurodegenerative diseases				1
37855949	integration of artificial intelligence techniques		treats	prognostic predictions		mondo:0005559	neurodegenerative diseases				1
37855949	eye-tracking technology		treats	prognostic predictions		neurodegenerative disease			eye-tracking technology		1
32302555	cell replacement		treats	progressive neuronal loss		mondo:0007739	huntington disease (hd)	using	human embryonic stem cells		1
32302555	in-vitro differentiation of human striatal progenitors		treats	disruption of cortical and basal ganglia circuits		mondo:0007739	huntington disease (hd)				1
32302555	intra-striatal transplantation		treats	sensorimotor deficit		mondo:0007739	huntington disease (hd)				1
33299145	maxo:0000127	genetic testing	treats	risk of being a carrier		mondo:0007739	huntington disease (hd)				1
33299145	prenatal diagnosis		prevents	risk of being a carrier		mondo:0007739	huntington disease (hd)				1
32265233	maxo:0001000	functional mri	treats	hyperconnectivity		mondo:0007739	huntington disease (hd)				1
34655092	off-resonance saturation method		treats	brain iron accumulation		mondo:0004975	alzheimer's disease				1
34655092	off-resonance saturation method		treats	brain iron accumulation		mondo:0007739	huntington disease (hd)				1
34655092	off-resonance saturation method		treats	brain iron accumulation		mondo:0011426	aceruloplasminemia				1
34655092	histology		treats	brain iron accumulation		mondo:0004975	alzheimer's disease				1
34655092	histology		treats	brain iron accumulation		mondo:0007739	huntington disease (hd)				1
34655092	histology		treats	brain iron accumulation		mondo:0011426	aceruloplasminemia				1
33852093	advance care planning		prevents	inability to communicate		mondo:0007739	huntington disease (hd)				1
33852093	end-of-life care		prevents	inability to express will		mondo:0007739	huntington disease (hd)				1
33852093	life-sustaining measures		prevents	death		mondo:0007739	huntington disease (hd)				1
33852093	feeding tube implantation		treats	inability to eat by oneself		huntington disease					1
33852093	tracheostomy tube implantation		treats	hp:0002093	respiratory insufficiency	mondo:0007739	huntington disease (hd)				1
33202151	electroacupuncture treatment		treats	motor symptoms		parkinson's disease			electroacupuncture		1
33202151	enhancing autophagy		treats	autophagic defects		mondo:0005180	parkinson's disease	with beclin 1	beclin 1		1
33202151	lc3-ii		treats	autophagic defects		mondo:0005180	parkinson's disease				1
33202151	enhancing autophagy		treats	autophagic defects		mondo:0005180	parkinson's disease	with p62	p62		1
37040787	development of antisense oligonucleotides		treats	genetic neurodegeneration		mondo:0007739	huntington disease (hd)		chebi:76720		1
37040787	use of micro-rnas		treats	genetic neurodegeneration		mondo:0007739	huntington disease (hd)		micro-rnas		1
37040787	use		treats	genetic neurodegeneration		mondo:0007739	huntington disease (hd)		modulators of rna processing (splicing)		1
37040787	use of zinc finger proteins		treats	genetic neurodegeneration		mondo:0007739	huntington disease (hd)				1
35812247	univariate cox regression analysis		treats	advanced clinical stage		mondo:0005575	colorectal cancer				1
35812247	univariate cox regression analysis		treats	poor prognosis		mondo:0005575	colorectal cancer				1
35812247	knockdown		prevents	proliferation of crc cells		mondo:0005575	colorectal cancer		nav3 expression		1
32479211	maxo:0000068	transplantation	treats	neurodegenerative disorders					uc-mscs		1
32427942	injection		treats	hp:0002072	chorea	hyperkinetic movement disorders		into the stn	hyperpolarizing currents		1
32427942	injection		treats	ballism		hyperkinetic movement disorders		into the stn	hyperpolarizing currents		1
32427942	injection into the stn		treats	hp:0001332	dystonia	hyperkinetic movement disorders			hyperpolarizing currents		1
32427942	injection of hyperpolarizing currents into the stn		treats	hyperkinetic behaviors		hyperkinetic movement disorders					1
32427942	deep brain stimulation		treats	hyperkinetic behaviors		hyperkinetic movement disorders					1
34162958	fixel-based analysis (fba)		prevents	widespread white matter damage		mondo:0007739	huntington disease (hd)				1
34162958	diffusion-weighted magnetic resonance spectroscopy (dw-mrs)		treats	alterations to brain microstructure and their morphology		mondo:0007739	huntington disease (hd)				1
34162958	diffusion-weighted magnetic resonance spectroscopy		prevents	reduced mean diffusivity of the intra-axonal metabolite		mondo:0007739	huntington disease (hd)	with n-acetylaspartate and n-acetylaspartylglutamate	n-acetylaspartate and n-acetylaspartylglutamate	n-acetylaspartate	1
37699467	surface-enhanced raman spectroscopy (sers) analysis		treats	poor glycemic control		type-2 diabetes					1
37699467	application		prevents	degradation and aggregation of insulin		type-2 diabetes			chebi:36751		1
37699467	application of partial least square regression analysis (plsr)		prevents	degradation and aggregation of insulin		type-2 diabetes			partial least square regression analysis (plsr)		1
